{
    "total_duration_weeks": 4,
    "weeks": [
        {
            "week_number": 1,
            "focus_topics": [
                "Introduction",
                "Geography as a Discipline"
            ],
            "daily_targets": {
                "monday": "Study Criticisms of the World Trade Organization and Characteristics of Balance of Trade from the 'Introduction' module.  Review notes and make concise summaries.",
                "tuesday": "Focus on Characteristics of Phase II of population growth in India and Environmental determinism from the 'Introduction' module. Create flashcards for key terms.",
                "wednesday": "Complete the remaining 'Introduction' module: Problems of slums in India and Key areas of human development.  Begin reading about Plantation Agriculture.",
                "thursday": "Begin 'Geography as a Discipline' module: Introduction to Geography as a discipline and Geography as an integrating discipline: Spatial and Temporal synthesis.  Use mind maps to visualize concepts.",
                "friday": "Continue 'Geography as a Discipline' module: Approaches to study Geography: Systematic and Regional and Branches of Geography: Physical Geography, Human Geography and Bio Geography.  Create a comparison chart of the branches.",
                "saturday": "Practice applying the concepts learned by creating a short case study that incorporates aspects of both modules.  For example, analyze the geographical factors influencing the growth of plantation agriculture.",
                "sunday": "Review all notes and flashcards. Briefly revise all key concepts. Plan next week's study schedule based on the remaining modules and topics."
            },
            "practice": "Solve 5 short-answer questions on each key concept from both modules.  Create a diagram illustrating the relationship between different branches of Geography.  Compare and contrast systematic and regional approaches to geographical study.",
            "assessment": "Self-quiz using flashcards and summary notes.  Write a short essay explaining the importance of Geography as an integrating discipline, providing examples from the 'Introduction' module.  Create a mind map summarizing all key concepts of the week."
        },
        {
            "week_number": 2,
            "focus_topics": [
                "The Earth",
                "Landforms"
            ],
            "daily_targets": {
                "monday": "Study Origin and evolution of the Earth; Review notes and diagrams on Earth's interior structure.",
                "tuesday": "Focus on Earthquakes and Volcanoes; Understand their formation and relationship to plate tectonics.  Begin reading about Continental Drift Theory.",
                "wednesday": "Complete the Continental Drift Theory and delve into Plate Tectonics.  Explore the different types of plate boundaries and their effects.",
                "thursday": "Introduce Landforms: Begin with Geomorphic processes (exogenic and endogenic). Focus on Endogenic processes: Diastrophism and Volcanism.",
                "friday": "Study Exogenic processes: Weathering, landslides, and Running water (erosional and depositional landforms).",
                "saturday": "Practice problems focusing on the relationship between plate tectonics and landform creation. Draw diagrams illustrating different landforms and their formation processes. Complete a mind map summarizing all concepts learned this week.",
                "sunday": "Review key concepts from the week, focusing on the connections between 'The Earth' and 'Landforms' modules. Plan next week's study schedule."
            },
            "practice": "Solve problems related to earthquake magnitudes, volcanic eruption types, and landform formation. Complete the exercises at the end of each chapter in your textbook. Create flashcards for key terms and definitions.",
            "assessment": "Self-quiz on key concepts using online quizzes or self-created questions. Attempt a practice test covering both 'The Earth' and 'Landforms' topics. Explain the formation of a specific landform (e.g., a volcano or a river delta) to a friend or family member."
        },
        {
            "week_number": 3,
            "focus_topics": [
                "Climate",
                "Climate, Vegetation and Soil"
            ],
            "daily_targets": {
                "monday": "Study Composition and Structure of Atmosphere; Review key terms and diagrams. Begin reading on Solar Radiation and Heat Balance.",
                "tuesday": "Complete reading on Solar Radiation and Heat Balance; work through practice problems related to heat budget calculations. Start Atmospheric Circulation and Weather Systems.",
                "wednesday": "Focus on Atmospheric Circulation and Weather Systems, including major wind belts and pressure systems.  Begin Water in the Atmosphere (Humidity, Precipitation).",
                "thursday": "Finish Water in the Atmosphere;  review concepts of humidity and precipitation types. Begin World Climate and Climate Change, focusing on major climate classifications.",
                "friday": "Complete World Climate and Climate Change;  review global warming causes and effects. Start Monsoon and the Economic Life in India from 'Climate, Vegetation and Soil' module.",
                "saturday": "Deep dive into Natural vegetation - Introduction, Forest types and distribution from 'Climate, Vegetation and Soil' module. Solve practice problems related to climate-vegetation relationships and complete a mind map summarizing the week's topics.",
                "sunday": "Rest and light revision of the week's material.  Review key definitions and diagrams. Plan for next week's study schedule, focusing on Soil: Processes and factors of Soil Formation."
            },
            "practice": "Solve relevant problems from textbook exercises and past papers focusing on atmospheric processes, climate classifications, and monsoon systems. Create flashcards for key terms and concepts. Complete the exercises on each sub-topic from the textbook.",
            "assessment": "Self-quiz on key concepts, focusing on atmospheric processes, climate change, and vegetation types.  Explain the interrelationships between climate, vegetation, and soil to a friend or study partner. Attempt a practice test covering all topics from this week."
        },
        {
            "week_number": 4,
            "focus_topics": [
                "Water (Oceans)",
                "Life on the Earth",
                "Physiography",
                "Hazards and Disasters: Causes, Consequences and Management"
            ],
            "daily_targets": {
                "monday": "Water (Oceans): Hydrological cycle and major ocean floor relief features. Review diagrams and notes.",
                "tuesday": "Life on the Earth: Origin of life and early theories on Earth's origin. Read assigned textbook chapters and take notes.",
                "wednesday": "Physiography: Hydrosphere and interior of the Earth. Complete assigned readings and create flashcards for key terms.",
                "thursday": "Hazards and Disasters: Natural hazards and their causes. Work through examples and case studies in the textbook.",
                "friday": "Water (Oceans): Temperature and salinity of ocean waters;  Physiography: Volcanoes and volcanic landforms.  Review and consolidate notes from this week.",
                "saturday": "Practice problems focusing on the formation of stars and planets (Life on Earth), and disaster management strategies (Hazards and Disasters). Solve problems from previous years' question papers. Create a mind map summarizing all four modules.",
                "sunday": "Rest and light revision of all topics covered this week. Review flashcards and mind map. Plan for next week's study schedule."
            },
            "practice": "Solve problems from the textbook exercises for all four modules.  Create diagrams illustrating the hydrological cycle and plate tectonics.  Complete online quizzes on key concepts.",
            "assessment": "Self-quiz on key concepts from each module.  Explain the different types of waves and tides to a friend. Attempt a mock test covering all four modules."
        }
    ]
}