{
    "topics": [
        {
            "name": "Geography as a Discipline",
            "importance": "High",
            "frequency_in_pyq": "Not specified in provided text",
            "concepts": [
                "Introduction to Geography as a discipline",
                "Geography as an integrating discipline: Spatial and Temporal synthesis",
                "Approaches to study Geography: Systematic and Regional",
                "Branches of Geography: Physical Geography, Human Geography and Bio Geography",
                "Physical Geography and its importance"
            ],
            "estimated_study_hours": 4
        },
        {
            "name": "The Earth",
            "importance": "High",
            "frequency_in_pyq": "Not specified in provided text",
            "concepts": [
                "Origin and evolution of the Earth",
                "Interior of the Earth",
                "Earthquakes",
                "Volcanoes and Volcanic landforms",
                "Continental Drift Theory",
                "Plate Tectonics",
                "Origin of Life"
            ],
            "estimated_study_hours": 8
        },
        {
            "name": "Landforms",
            "importance": "High",
            "frequency_in_pyq": "Not specified in provided text",
            "concepts": [
                "Geomorphic processes: Exogenic and Endogenic",
                "Endogenic Process: Diastrophism, Volcanism",
                "Exogenic Processes: Weathering, landslides",
                "Running water: Erosional and Depositional Landforms",
                "Wind: Erosional and Depositional Landforms",
                "Soil: Processes and factors of Soil Formation"
            ],
            "estimated_study_hours": 6
        },
        {
            "name": "Climate",
            "importance": "High",
            "frequency_in_pyq": "Chapter 11 (World Climate and Climate Change) is to be tested through internal assessments, and Chapter 8 (Solar Radiation, Heat Balance and Temperature) and Chapter 9 (Atmospheric Circulation and Weather Systems) contain significant detail suggesting frequent testing.  Global Warming is also mentioned.",
            "concepts": [
                "Composition and Structure of Atmosphere",
                "Solar Radiation and Heat Balance",
                "Atmospheric Circulation and Weather Systems",
                "Water in the Atmosphere (Humidity, Precipitation)",
                "World Climate and Climate Change",
                "Temperature (Factors, Distribution, Inversion)",
                "Global Warming"
            ],
            "estimated_study_hours": 8
        },
        {
            "name": "Water (Oceans)",
            "importance": "Medium",
            "frequency_in_pyq": "Not specified in provided text",
            "concepts": [
                "Hydrological Cycle",
                "Major and Minor Relief Features of the Ocean Floor",
                "Temperature and Salinity of Ocean Waters: Factors, Horizontal and Vertical distribution of temperature and Salinity",
                "Movements of ocean water - Waves, Tides and Currents"
            ],
            "estimated_study_hours": 4
        },
        {
            "name": "Life on the Earth",
            "importance": "Medium",
            "frequency_in_pyq": "Not specified in provided text",
            "concepts": [
                "Origin of Life",
                "Origin and evolution of the earth",
                "Early theories: Origin of the Earth",
                "Modern Theories: Origin of the universe",
                "Formation of Stars and Planets",
                "Evolution of the Earth: Lithosphere, Atmosphere and Hydrosphere",
                "Interior of the Earth"
            ],
            "estimated_study_hours": 4
        },
        {
            "name": "Introduction",
            "importance": "High",
            "frequency_in_pyq": "Based only on the provided text, the module appears to cover topics frequently tested in PYQs, as evidenced by the numerous questions (20-30) across various question types (multiple choice, short answer, long answer, map-based) related to diverse geographical concepts.",
            "concepts": [
                "Criticisms of the World Trade Organization",
                "Characteristics of Balance of Trade",
                "Characteristics of Phase II of population growth in India",
                "Environmental determinism",
                "Problems of slums in India",
                "Key areas of human development",
                "Plantation Agriculture"
            ],
            "estimated_study_hours": 6
        },
        {
            "name": "Physiography",
            "importance": "Medium",
            "frequency_in_pyq": "Not specified in provided text",
            "concepts": [
                "Hydrosphere",
                "Origin of Life",
                "Interior of the Earth",
                "Earthquakes",
                "Volcanoes and Volcanic landforms",
                "Structure of the Earth",
                "Sources of Information about the Interior of the Earth (Direct and Indirect)"
            ],
            "estimated_study_hours": 6
        },
        {
            "name": "Climate, Vegetation and Soil",
            "importance": "High",
            "frequency_in_pyq": "Not specified in provided text",
            "concepts": [
                "Monsoon and the Economic Life in India",
                "Global Warming",
                "Natural vegetation - Introduction",
                "Forest types and distribution",
                "Conservation of forests",
                "Wildlife; conservation; biosphere reserves",
                "Soil: Processes and factors of Soil Formation"
            ],
            "estimated_study_hours": 6
        },
        {
            "name": "Hazards and Disasters: Causes, Consequences and Management",
            "importance": "Medium",
            "frequency_in_pyq": "Not specified in provided text",
            "concepts": [
                "Natural Hazards and Disasters",
                "Causes of Disasters",
                "Consequences of Disasters",
                "Disaster Management"
            ],
            "estimated_study_hours": 4
        }
    ]
}