{
    "total_duration_weeks": 8,
    "weeks": [
        {
            "week_number": 1,
            "focus_topics": [
                "Unit-1: The NCC",
                "Unit-2: National Integration and Awareness"
            ],
            "daily_targets": {
                "monday": "Study Aims and Objectives of NCC.  Read relevant text and make notes.  Start NCC song memorization.",
                "tuesday": "Study Organization and Training within the NCC.  Create a flowchart illustrating the organizational structure.  Continue NCC song practice.",
                "wednesday": "Focus on Incentives offered by NCC.  Research online resources and summarize key benefits. Complete NCC song memorization.",
                "thursday": "Begin Unit-2: National Integration and Awareness.  Read about the Importance and Necessity of National Integration. Note down key points and examples.",
                "friday": "Study the Freedom Struggle and Nationalist Movement in India.  Focus on key leaders and events. Create a timeline of significant events.",
                "saturday": "Practice: Write a short essay comparing and contrasting the challenges and opportunities to National Integration in modern India.  Review all concepts and clarify any doubts.",
                "sunday": "Rest and light revision.  Review notes and flashcards. Plan for next week's studies, focusing on Unit 3 and 4."
            },
            "practice": "Solve short answer questions on Aims and Objectives of NCC and the key aspects of the Indian freedom struggle. Create a mind map summarizing the threats and opportunities to national integration.",
            "assessment": "Self-quiz on key concepts from both units. Attempt to explain the Aims and Objectives of NCC and the importance of national integration to a friend or family member.  Review notes and identify areas requiring further study."
        },
        {
            "week_number": 2,
            "focus_topics": [
                "Unit-3: Drill",
                "Unit-4: Weapon Training"
            ],
            "daily_targets": {
                "monday": "Unit-3: Drill - Ceremonial drill and Drill with arms.  Review words of command and practice pronunciation. Begin studying 'Getting on parade with rifle and dressing at the order'.",
                "tuesday": "Unit-3: Drill - Focus on Dismissing and falling out procedures. Practice Foot Drill and Arm Drill individually.  Review all material covered on Monday.",
                "wednesday": "Unit-4: Weapon Training - Basic knowledge about rifle and firing. Understand range precautions and safety precautions. Begin studying the lying position.",
                "thursday": "Unit-4: Weapon Training - Master holding and aiming techniques in the lying position. Practice trigger operation (dry firing if applicable, emphasizing safety).",
                "friday": "Unit-4: Weapon Training -  Theory of group and snap shooting.  Review all Unit 4 materials. Practice transitioning between lying position and standing (if applicable).",
                "saturday": "Practice drills with a partner, focusing on coordination and timing.  Perform dry-fire practice for weapon training, emphasizing safe handling and proper technique. Review and refine understanding of words of command and safety procedures.",
                "sunday": "Rest and review key concepts from both Unit 3 and Unit 4.  Prepare a concise summary of each unit, highlighting areas needing further attention. Plan next week's study schedule."
            },
            "practice": "Practice all drills multiple times, focusing on precision and speed. Conduct dry-fire weapon training exercises, emphasizing proper technique and safety.  Review all words of command until memorized. If possible, participate in practical application sessions for both drills and weapon training.",
            "assessment": "Self-test on words of command and safety procedures.  Explain the steps of each drill to a partner. Perform a mock drill and weapon handling exercise, focusing on correct technique and safety. Evaluate understanding of the theory behind group and snap shooting."
        },
        {
            "week_number": 3,
            "focus_topics": [
                "Unit-5 : Personality Development and Leadership"
            ],
            "daily_targets": {
                "monday": "Read Introduction to Personality Development; identify and note down 5 key personality traits.",
                "tuesday": "Focus on Communication Skills; practice active listening techniques and prepare a short presentation on a chosen topic.",
                "wednesday": "Study Leadership Traits; research and analyze 3 different leadership styles and their applications.",
                "thursday": "Work on Time Management techniques; create a weekly schedule incorporating study time, personal time, and other activities.",
                "friday": "Deep dive into Self-Awareness; complete a self-assessment personality test and reflect on strengths and weaknesses.",
                "saturday": "Practice applying learned concepts: Role-play different leadership scenarios and provide and receive constructive feedback.  Review and synthesize notes on communication styles.",
                "sunday": "Rest and light revision of the week's material.  Plan next week's studies, focusing on specific areas needing more attention."
            },
            "practice": "Solve case studies on effective leadership, practice delivering presentations, participate in group discussions focusing on conflict resolution and teamwork. Complete all chapter exercises from Unit 5.",
            "assessment": "Self-quiz on key leadership traits and communication strategies.  Record a short video explaining one leadership style and its application.  Peer review of presentation skills."
        },
        {
            "week_number": 4,
            "focus_topics": [
                "Unit-6 : Disaster Management and Civil Affairs",
                "Unit-7 : Social Awareness Community Development"
            ],
            "daily_targets": {
                "monday": "Study Types of Emergencies and Natural Disasters (Unit 6); Review key characteristics and examples of each disaster type. Create a categorized list.",
                "tuesday": "Focus on Assistance during natural and other calamities (Unit 6): Read about flood, cyclone, and earthquake responses. Research case studies of effective disaster relief efforts.",
                "wednesday": "Learn about Fire Service and Fire Fighting (Unit 6); Explore preventative measures and emergency response protocols. Watch videos on fire safety procedures.",
                "thursday": "Study Basics of Social Service and its needs (Unit 7); Explore various social service organizations and their roles. Research local NGOs and their impact.",
                "friday": "Cover Contribution of youth towards social welfare and Civic responsibilities (Unit 7); Analyze the role of youth in community development initiatives.  Consider case studies of youth-led projects.",
                "saturday": "Practice: Create a mock disaster response plan for a chosen scenario (Unit 6). Write a short essay on the role of NGOs in addressing a specific social issue (Unit 7).",
                "sunday": "Review key concepts from both units. Plan for next week's studies, focusing on any remaining unclear areas. Prepare a concise summary of the week\u2019s learning."
            },
            "practice": "Solve case studies related to disaster management and community development.  Research and analyze current events related to social issues and disaster response. Create a mind map summarizing key concepts for both units.",
            "assessment": "Self-quiz on key terminology and concepts from both units. Create flashcards for difficult definitions and concepts.  Explain the key differences between various types of disasters and the appropriate response strategies to a peer."
        },
        {
            "week_number": 5,
            "focus_topics": [
                "Unit 1: Armed Forces",
                "Unit 2: Map Reading"
            ],
            "daily_targets": {
                "monday": "Unit 1: Armed Forces - Introductory and general information; Modes of entry into the army.  Review key terms and definitions. Complete chapter 1 exercises.",
                "tuesday": "Unit 1: Armed Forces - Honours and awards; Basic organization of Armed Forces. Create flashcards for key personnel and organizational structures.",
                "wednesday": "Unit 1: Armed Forces - Organization of the Army.  Develop a diagram illustrating the Army's organizational chart. Begin Unit 2: Map Reading - Introduction to types of Maps and conventional signs.",
                "thursday": "Unit 2: Map Reading - Scales and grid system; Topographical forms and technical terms. Practice identifying features on sample maps.",
                "friday": "Unit 2: Map Reading - Types of bearings and use of service protractor; Prismatic compass and its use and GPS. Complete practice exercises using a protractor and compass.",
                "saturday": "Practice problems applying map reading skills to different scenarios.  Review all key terms for both Units 1 and 2. Work through practice questions related to Armed Forces organizational structure.",
                "sunday": "Rest and light revision of key concepts from both units. Plan study schedule for Week 6, outlining specific topics and tasks."
            },
            "practice": "Solve map reading exercises from the textbook and online resources. Complete practice questions on Armed Forces organization and history.  Create and label your own map using various symbols and scales.",
            "assessment": "Self-quiz on key terms and concepts from both units.  Attempt a practice test covering both Armed Forces and map reading. Explain the organizational structure of the army to a friend or family member.  Draw and interpret a map demonstrating understanding of bearings, scales, and key features."
        },
        {
            "week_number": 6,
            "focus_topics": [
                "Unit-8: Health and Hygiene",
                "Unit-9 : Adventure and Obstacle Training",
                "Unit-10 : Environment Awareness and Conservation"
            ],
            "daily_targets": {
                "monday": "Unit 8: Review Hygiene and sanitation (Personal and Food Hygiene).  Read relevant textbook chapters and take notes.",
                "tuesday": "Unit 8: Study Basics of first aid in common medical emergencies. Watch instructional videos and practice identifying common injuries.",
                "wednesday": "Unit 8: Focus on Wounds and fractures and Infectious and contagious diseases and its prevention. Create flashcards for key terms and definitions.",
                "thursday": "Unit 9: Explore Adventure activities and Obstacle training. Research different types of adventure activities and obstacle courses.",
                "friday": "Unit 9 & 10:  Study Inculcating a sense of adventure, Developing confidence, courage, and determination; Begin introductory reading on Environment Awareness and Conservation.",
                "saturday": "Practice applying first aid techniques (scenario-based practice). Research and present a short report on a chosen environmental conservation initiative.",
                "sunday": "Review all three units. Plan next week's study schedule, focusing on any remaining areas needing more attention."
            },
            "practice": "Solve case studies related to first aid and hygiene. Design a simple obstacle course and attempt it. Research and write a short essay on a current environmental issue.",
            "assessment": "Self-quiz on key concepts from all three units. Explain first aid procedures to a friend. Create a presentation summarizing key learnings about environmental conservation."
        },
        {
            "week_number": 7,
            "focus_topics": [
                "Unit -3 Field Craft and Battle Craft",
                "Unit 5: Military History",
                "Unit-6 : Communication"
            ],
            "daily_targets": {
                "monday": "Study Judging distance and Description of ground from Unit -3.  Review notes and diagrams.",
                "tuesday": "Focus on Observation and Camouflage and concealment from Unit -3. Complete relevant chapter exercises.",
                "wednesday": "Complete Unit -3 with a focus on Field signals. Begin Unit 5: Military History with Biographies of Carriappa and Manekshaw.",
                "thursday": "Continue Unit 5: Military History, covering Famous Indian battles and Gallantry awards. Review notes and make flashcards.",
                "friday": "Finish Unit 5: Military History, focusing on PVCs and Indo-Pak Wars. Start Unit-6: Communication with Types of communication.",
                "saturday": "Practice identifying different types of camouflage and concealment techniques. Draw diagrams and create examples.  Research and summarize a key battle from Unit 5. Create a mind map of communication types from Unit 6.",
                "sunday": "Rest and review key concepts from Units 3, 5, and 6. Briefly plan next week's studies."
            },
            "practice": "Solve hypothetical scenarios involving fieldcraft techniques. Create a presentation on a chosen famous Indian battle. Practice explaining different communication methods and their advantages/disadvantages.",
            "assessment": "Self-quiz on key concepts from all three units. Create a short essay summarizing the key differences between two communication methods (e.g., walkie-talkie vs. mobile phone).  Prepare answers for potential exam questions covering the week's material."
        },
        {
            "week_number": 8,
            "focus_topics": [
                "Unit-1: Naval Orientation and service subjects",
                "Unit-2 : Naval Communication",
                "Unit-3: Seamanship",
                "Unit-4 : Rigging",
                "Unit-5 : Boat Work",
                "Unit-6 : Ship and Boat Modeling",
                "Unit-7 : Search and Rescue",
                "Unit-1: General Service Knowledge",
                "Unit-2 : Principles of Flight",
                "Unit-3 : Airmanship",
                "Unit-4 : Aero Engines",
                "Unit-5 : Air frames"
            ],
            "daily_targets": {
                "monday": "Review Naval Orientation and service subjects; focus on key regulations and procedures. Begin Unit-2: Naval Communication, covering basic communication protocols.",
                "tuesday": "Complete Unit-2: Naval Communication. Start Unit-3: Seamanship; focus on basic knots and navigation.",
                "wednesday": "Complete Unit-3: Seamanship. Begin Unit-4: Rigging; understand different types of rigging and their applications.",
                "thursday": "Complete Unit-4: Rigging. Begin Unit-5: Boat Work; cover introduction to boats and their parts, and steering techniques.",
                "friday": "Complete Unit-5: Boat Work; focus on boat pulling techniques and safety procedures.  Start Unit-1: General Service Knowledge.",
                "saturday": "Practice problems related to Boat Work and General Service Knowledge.  Review key concepts from Naval Orientation, Communication and Seamanship through self-testing.",
                "sunday": "Rest and light revision of all topics covered this week. Plan for next week's studies, focusing on remaining units."
            },
            "practice": "Solve practice problems related to each unit; create diagrams for different types of rigging and boat parts; practice sketching ship and boat models.  Use online quizzes for self-assessment.",
            "assessment": "Self-quiz on key concepts from each unit; create a summary document explaining critical concepts of each module; attempt a mock test encompassing this week's modules."
        }
    ]
}