{
    "topics": [
        {
            "name": "Unit-1: The NCC",
            "importance": "High",
            "frequency_in_pyq": "Not specified in provided text",
            "concepts": [
                "Aims and Objectives of NCC",
                "Organization and Training",
                "NCC Song",
                "Incentives"
            ],
            "estimated_study_hours": 4
        },
        {
            "name": "Unit-2: National Integration and Awareness",
            "importance": "High",
            "frequency_in_pyq": "Not specified in provided text",
            "concepts": [
                "National Integration: Importance and Necessity",
                "Freedom Struggle and Nationalist Movement in India",
                "National Interests, Objectives, Threats and Opportunities",
                "Problems/Challenges of National Integration",
                "Unity in diversity and cultural heritage of India"
            ],
            "estimated_study_hours": 4
        },
        {
            "name": "Unit-3: Drill",
            "importance": "High",
            "frequency_in_pyq": "Based *only* on the provided text, the frequency of this module in PYQs is not specified.  However, a PYQ question is shown asking to list different types of drill, suggesting it's likely tested.",
            "concepts": [
                "Ceremonial drill",
                "Drill with arms",
                "Words of command",
                "Getting on parade with rifle and dressing at the order",
                "Dismissing and falling out",
                "Foot Drill",
                "Arm Drill"
            ],
            "estimated_study_hours": 4
        },
        {
            "name": "Unit-4: Weapon Training",
            "importance": "High",
            "frequency_in_pyq": "Not specified in provided text",
            "concepts": [
                "Basic knowledge about rifle and firing",
                "The lying position, holding and aiming",
                "Trigger operation and firing a shot",
                "Range precautions and safety precautions",
                "Theory of group and snap shooting"
            ],
            "estimated_study_hours": 4
        },
        {
            "name": "Unit-5 : Personality Development and Leadership",
            "importance": "High",
            "frequency_in_pyq": "Not specified in provided text",
            "concepts": [
                "Introduction to Personality development",
                "Communication skills",
                "Leadership traits",
                "Time management",
                "Self-Awareness",
                "Character building"
            ],
            "estimated_study_hours": 4
        },
        {
            "name": "Unit-6 : Disaster Management and Civil Affairs",
            "importance": "High",
            "frequency_in_pyq": "Not specified in provided text",
            "concepts": [
                "Types of Emergencies and Natural Disasters",
                "Assistance during natural and other calamities (Floods, Cyclones, Earthquakes, Accidents)",
                "Fire Service and Fire Fighting",
                "Maintenance of essential services",
                "Providing assistance to civil administration in various types of emergencies during national disasters"
            ],
            "estimated_study_hours": 4
        },
        {
            "name": "Unit-7 : Social Awareness Community Development",
            "importance": "High",
            "frequency_in_pyq": "Not specified in provided text",
            "concepts": [
                "Basics of Social Service and its needs",
                "Contribution of youth towards social welfare",
                "Civic responsibilities",
                "NGOs \u2013 Role and contribution",
                "Drug abuse and trafficking",
                "Corruption",
                "Social evils viz. dowry/female feticide/child abuse and trafficking"
            ],
            "estimated_study_hours": 4
        },
        {
            "name": "Unit-8: Health and Hygiene",
            "importance": "Medium",
            "frequency_in_pyq": "Not specified in provided text",
            "concepts": [
                "Hygiene and sanitation (Personal and Food Hygiene)",
                "Basics of first aid in common medical emergencies",
                "Wounds and fractures",
                "Infectious and contagious diseases and its prevention"
            ],
            "estimated_study_hours": 4
        },
        {
            "name": "Unit-9 : Adventure and Obstacle Training",
            "importance": "Medium",
            "frequency_in_pyq": "Not specified in provided text",
            "concepts": [
                "Adventure activities",
                "Obstacle training",
                "Inculcating a sense of adventure",
                "Developing confidence, courage, and determination"
            ],
            "estimated_study_hours": 3
        },
        {
            "name": "Unit-10 : Environment Awareness and Conservation",
            "importance": "Medium",
            "frequency_in_pyq": "Not specified in provided text",
            "concepts": [
                "Natural resources \u2013 conservation and management",
                "Water conservation and rain water harvesting",
                "Waste management",
                "Pollution control (water, air, noise, soil)",
                "Wildlife conservation"
            ],
            "estimated_study_hours": 4
        },
        {
            "name": "Unit 1: Armed Forces",
            "importance": "High",
            "frequency_in_pyq": "Not specified in provided text",
            "concepts": [
                "Introductory and general information about the Armed Forces",
                "Modes of entry into the army",
                "Honours and awards",
                "Basic organization of Armed Forces",
                "Organization of the Army"
            ],
            "estimated_study_hours": 4
        },
        {
            "name": "Unit 2: Map Reading",
            "importance": "High",
            "frequency_in_pyq": "Not specified in provided text",
            "concepts": [
                "Introduction to types of Maps and conventional signs",
                "Scales and grid system",
                "Topographical forms and technical terms",
                "Types of bearings and use of service protractor",
                "Prismatic compass and its use and GPS",
                "Cardinal points and types of North",
                "Setting a map, finding North and own position"
            ],
            "estimated_study_hours": 6
        },
        {
            "name": "Unit -3 Field Craft and Battle Craft",
            "importance": "Medium",
            "frequency_in_pyq": "Not specified in provided text",
            "concepts": [
                "Judging distance",
                "Description of ground",
                "Observation",
                "Camouflage and concealment",
                "Field signals"
            ],
            "estimated_study_hours": 4
        },
        {
            "name": "Unit 5: Military History",
            "importance": "Medium",
            "frequency_in_pyq": "Not specified in provided text",
            "concepts": [
                "Biographies of renowned generals (Carriappa/Manekshaw)",
                "Famous Indian battles",
                "Gallantry awards",
                "PVCs",
                "Indo-Pak Wars"
            ],
            "estimated_study_hours": 4
        },
        {
            "name": "Unit-6 : Communication",
            "importance": "High",
            "frequency_in_pyq": "Not specified in provided text",
            "concepts": [
                "Types of communication",
                "Characteristics of wireless technology (mobile, Wi-Fi etc.)",
                "Characteristics of walkie-talkie"
            ],
            "estimated_study_hours": 4
        },
        {
            "name": "Unit-1: Naval Orientation and service subjects",
            "importance": "Medium",
            "frequency_in_pyq": "Analysis failed or malformed",
            "estimated_study_hours": 2,
            "concepts": [
                "Detailed analysis for this module failed or was malformed."
            ]
        },
        {
            "name": "Unit-2 : Naval Communication",
            "importance": "Medium",
            "frequency_in_pyq": "Analysis failed or malformed",
            "estimated_study_hours": 2,
            "concepts": [
                "Detailed analysis for this module failed or was malformed."
            ]
        },
        {
            "name": "Unit-3: Seamanship",
            "importance": "Medium",
            "frequency_in_pyq": "Analysis failed or malformed",
            "estimated_study_hours": 2,
            "concepts": [
                "Detailed analysis for this module failed or was malformed."
            ]
        },
        {
            "name": "Unit-4 : Rigging",
            "importance": "Medium",
            "frequency_in_pyq": "Analysis failed or malformed",
            "estimated_study_hours": 2,
            "concepts": [
                "Detailed analysis for this module failed or was malformed."
            ]
        },
        {
            "name": "Unit-5 : Boat Work",
            "importance": "Medium",
            "frequency_in_pyq": "Not specified in provided text",
            "concepts": [
                "Introduction to boats and its parts",
                "Steering of boats",
                "Boat pulling",
                "Parts of a boat",
                "Parts of an oar",
                "Instructions on boat pulling"
            ],
            "estimated_study_hours": 4
        },
        {
            "name": "Unit-6 : Ship and Boat Modeling",
            "importance": "Medium",
            "frequency_in_pyq": "Analysis failed or malformed",
            "estimated_study_hours": 2,
            "concepts": [
                "Detailed analysis for this module failed or was malformed."
            ]
        },
        {
            "name": "Unit-7 : Search and Rescue",
            "importance": "Medium",
            "frequency_in_pyq": "Analysis failed or malformed",
            "estimated_study_hours": 2,
            "concepts": [
                "Detailed analysis for this module failed or was malformed."
            ]
        },
        {
            "name": "Unit-1: General Service Knowledge",
            "importance": "Medium",
            "frequency_in_pyq": "Analysis failed or malformed",
            "estimated_study_hours": 2,
            "concepts": [
                "Detailed analysis for this module failed or was malformed."
            ]
        },
        {
            "name": "Unit-2 : Principles of Flight",
            "importance": "High",
            "frequency_in_pyq": "Not specified in provided text",
            "concepts": [
                "basic principles on which aviation is based",
                "Laws of Motion",
                "Glossary of Terms"
            ],
            "estimated_study_hours": 4
        },
        {
            "name": "Unit-3 : Airmanship",
            "importance": "High",
            "frequency_in_pyq": "Not specified in provided text",
            "concepts": [
                "Airfield Layout",
                "Rules of the Air",
                "ATC procedures",
                "Basics of aviation medicine",
                "Circuit Procedure"
            ],
            "estimated_study_hours": 4
        },
        {
            "name": "Unit-4 : Aero Engines",
            "importance": "Medium",
            "frequency_in_pyq": "Not specified in provided text",
            "concepts": [
                "Introduction to aero engines"
            ],
            "estimated_study_hours": 3
        },
        {
            "name": "Unit-5 : Air frames",
            "importance": "Medium",
            "frequency_in_pyq": "Not specified in provided text",
            "concepts": [
                "Aircraft Controls",
                "Landing Gear"
            ],
            "estimated_study_hours": 3
        }
    ]
}